"segment","orders","revenue"
LOYAL,446,784820.218875885
NEW,27,17292.34999847412
